{
  "frontend/middleware.ts": 1776077961.0896196,
  "frontend/i18n.ts": 1776023507.260399,
  "frontend/routing.ts": 1776023501.9072678,
  "frontend/next.config.js": 1776102676.4544468,
  "frontend/next-env.d.ts": 1776022280.8162496,
  "frontend/tailwind.config.ts": 1776022280.816438,
  "frontend/app/robots.ts": 1776157837.1434343,
  "frontend/app/layout.tsx": 1776076678.84268,
  "frontend/app/page.tsx": 1776022897.6549425,
  "frontend/app/[locale]/layout.tsx": 1776155888.6671908,
  "frontend/app/[locale]/page.tsx": 1776080053.4252,
  "frontend/app/[locale]/schedule/page.tsx": 1776080066.323729,
  "frontend/app/[locale]/matches/[id]/page.tsx": 1776080097.2627416,
  "frontend/app/[locale]/groups/page.tsx": 1776080088.6250772,
  "frontend/app/admin/layout.tsx": 1776072630.162953,
  "frontend/app/admin/streams/page.tsx": 1776078849.6822603,
  "frontend/app/admin/matches/page.tsx": 1776076625.8374672,
  "frontend/app/admin/mirrors/page.tsx": 1776157694.0845408,
  "frontend/app/admin/login/page.tsx": 1776072623.4191182,
  "frontend/components/chat/ChatPanel.tsx": 1776080832.7816002,
  "frontend/components/match/MatchCard.tsx": 1776080022.5791616,
  "frontend/components/match/MatchLiveView.tsx": 1776080111.584087,
  "frontend/components/match/LiveCountdown.tsx": 1776080004.1965723,
  "frontend/components/layout/Header.tsx": 1776080033.7459705,
  "frontend/components/system/ServiceWorkerRegister.tsx": 1776076659.107703,
  "frontend/components/player/VideoPlayer.tsx": 1776080147.028076,
  "frontend/public/sw.js": 1776077573.1642058,
  "frontend/lib/admin-api.ts": 1776157670.6411352,
  "frontend/lib/api.ts": 1776157447.1143415,
  "frontend/lib/ws.ts": 1776022575.479809,
  "frontend/lib/geo.ts": 1776077953.0877497,
  "telegram-bot/main.go": 1776022252.3106127,
  "backend/cmd/server/main.go": 1776158922.3925023,
  "backend/internal/handler/mirror.go": 1776157596.9721453,
  "backend/internal/handler/auth.go": 1776021976.221219,
  "backend/internal/handler/stream.go": 1776078381.0132065,
  "backend/internal/handler/health.go": 1776077894.9136238,
  "backend/internal/handler/group.go": 1776021965.465256,
  "backend/internal/handler/chat.go": 1776022006.9677505,
  "backend/internal/handler/match.go": 1776075020.6222398,
  "backend/internal/middleware/auth.go": 1776010395.920311,
  "backend/internal/middleware/ratelimit.go": 1776010401.3010209,
  "backend/internal/repository/postgres.go": 1776010340.881031,
  "backend/internal/repository/redis.go": 1776010344.4280376,
  "backend/internal/config/config.go": 1776157428.523155,
  "backend/internal/model/models.go": 1776079214.3240817,
  "backend/internal/service/mirror_health.go": 1776158917.18305,
  "backend/internal/ws/hub.go": 1776010379.8984096,
  "backend/internal/ws/client.go": 1776010390.6608078,
  "scripts/cloudflare-worker.js": 1776155942.011603,
  "scripts/find_streams.py": 1776088379.3188074,
  "scripts/load-test.k6.js": 1776155962.3972895,
  "workers/stream-proxy/worker.js": 1776077999.5766854,
  "PLAN.md": 1776076709.7264686,
  "CLAUDE.md": 1776021465.276002,
  "docker/hls/README.md": 1776103036.022066,
  "frontend/README.md": 1776022280.8159,
  "graphify-out/GRAPH_REPORT.md": 1776159669.7416708,
  "workers/stream-proxy/README.md": 1776078002.927334
}